experiment_id,concurrent_requests,baseline_avg_response_time,baseline_success_rate,batch_total_time,batch_success_rate,batch_average_response_time,batch_throughput_rps,batch_first_response_time,batch_last_response_time,avg_cpu_percent,max_cpu_percent,avg_memory_percent,max_memory_percent,avg_gpu_utilization,max_gpu_utilization,avg_gpu_memory_percent,max_gpu_memory_percent,speedup_ratio,efficiency,avg_quality_score,quality_degradation
concurrent_2_1757298072,2,9.673850059509277,1.0,5.760118007659912,1.0,3.9036054611206055,0.3472151086731839,2.067319869995117,5.757469892501831,0.0,0.0,0.0,0.0,0.0,0.0,0.0,0,2.4781833502026642,0.0,0.7,-1.1102230246251565e-16
concurrent_4_1757298078,4,9.673850059509277,1.0,20.76859998703003,1.0,15.000990271568298,0.19259844199888274,8.944545984268188,20.765923023223877,0.0,0.0,0.0,0.0,0.0,0.0,0.0,0,0.6448807634949497,0.0,0.7,-1.1102230246251565e-16
concurrent_6_1757298101,6,9.673850059509277,1.0,31.46336007118225,1.0,21.835309823354084,0.19069800512169352,12.937772989273071,31.46186327934265,0.0,0.0,0.0,0.0,0.0,0.0,0.0,0,0.4430369954797964,0.0,0.7000000000000001,-2.220446049250313e-16
